"","zip","population","floodclaims","floodclaims_per_person"
"1","920xx",1253142,225,0.00017954868642181
"2","701xx",576467,3085,0.00535156392299993
"3","325xx",662041,3061,0.00462358071478957
"4","299xx",210720,3515,0.0166809035687168
"5","329xx",620835,1436,0.00231301392479483
"6","234xx",622994,2526,0.0040546136880933
"7","770xx",2941145,46339,0.0157554285830858
"8","967xx",952871,701,0.000735671460250128
"9","330xx",1672562,10016,0.00598841776866867
"10","939xx",385086,56,0.000145422061565468
"11","349xx",441300,636,0.0014411964649898
"12","314xx",236823,1203,0.00507974309927667
"13","395xx",383267,3033,0.0079135433001015
"14","334xx",1427494,1755,0.0012294272340199
"15","336xx",717255,1137,0.00158521028086245
"16","214xx",299661,66,0.000220248881235796
"17","361xx",214703,67,0.000312058983805536
"18","295xx",635161,4841,0.00762168961885254
"19","760xx",1232029,646,0.00052433830697167
"20","285xx",534985,11148,0.0208379674196473
"21","954xx",507823,893,0.0017584867168285
"22","597xx",160773,35,0.000217698245352142
"23","286xx",773598,232,0.000299897362712934
"24","324xx",381582,3859,0.0101131604740266
"25","902xx",1240199,204,0.000164489731083479
"26","235xx",290584,1494,0.00514137048151309
"27","711xx",424160,502,0.00118351565447001
"28","229xx",251990,65,0.000257946743918409
"29","026xx",39999,375,0.00937523438085952
"30","365xx",359724,1546,0.00429773937796755
"31","834xx",219109,23,0.000104970585416391
"32","706xx",410038,1326,0.00323384661909384
"33","943xx",106420,17,0.000159744408945687
"34","781xx",382990,688,0.00179639155069323
"35","020xx",39999,1813,0.0453261331533288
"36","063xx",39999,1034,0.0258506462661567
"37","784xx",364492,1162,0.00318799863920196
"38","949xx",379560,199,0.000524291284645379
"39","216xx",227585,253,0.00111167256189995
"40","082xx",39999,14484,0.362109052726318
"41","320xx",598296,6604,0.0110380146282108
"42","321xx",570368,3057,0.00535969759874327
"43","323xx",444226,1392,0.00313354013497634
"44","170xx",683318,1715,0.00250981241530298
"45","926xx",1275973,240,0.000188091754292606
"46","225xx",187911,130,0.000691816870752644
"47","223xx",321490,299,0.000930044480388192
"48","279xx",214512,8061,0.0375783172969344
"49","284xx",510592,6546,0.0128204123840562
"50","208xx",692451,169,0.000244060590568863
"51","782xx",1647616,447,0.000271301079863269
"52","783xx",276365,6039,0.0218515369167586
"53","700xx",776433,8459,0.0108946940689023
"54","087xx",39999,23614,0.590364759118978
"55","916xx",212915,11,5.16638095014442e-05
"56","220xx",478575,264,0.000551637674345714
"57","278xx",600854,4023,0.00669547011420412
"58","257xx",91935,70,0.00076140751617991
"59","974xx",555743,156,0.000280705290035142
"60","427xx",197543,68,0.00034422885143994
"61","224xx",212145,86,0.00040538311060831
"62","346xx",665904,2461,0.00369572791273217
"63","605xx",1098555,690,0.000628097819408223
"64","703xx",483470,1184,0.00244896270709661
"65","077xx",39999,10425,0.260631515787895
"66","339xx",733439,2504,0.00341405352047
"67","775xx",1218858,21360,0.0175246008969051
"68","777xx",142692,2117,0.0148361505900821
"69","786xx",934170,2450,0.00262264898251924
"70","236xx",487777,1920,0.00393622495525619
"71","337xx",731863,1048,0.00143196199288665
"72","199xx",364438,1831,0.00502417420795856
"73","750xx",2203479,465,0.000211029921319876
"74","045xx",39999,14,0.000350008750218755
"75","231xx",360996,125,0.000346264224534344
"76","704xx",582266,7869,0.0135144418530362
"77","982xx",877485,457,0.000520806623475045
"78","779xx",164221,473,0.00288026500873822
"79","294xx",731510,6813,0.00931361157058687
"80","206xx",410505,242,0.000589517789064689
"81","376xx",422274,140,0.0003315382903044
"82","328xx",893826,243,0.000271864993857865
"83","927xx",484908,35,7.21786400719312e-05
"84","207xx",990956,446,0.000450070437032522
"85","773xx",1201267,10432,0.00868416430318988
"86","331xx",1885845,4369,0.00231673334765052
"87","931xx",186133,205,0.00110136300387357
"88","287xx",598298,232,0.000387766631344247
"89","765xx",540929,262,0.000484351920492338
"90","344xx",447447,1207,0.00269752618745907
"91","319xx",189947,56,0.0002948190811121
"92","088xx",39999,3359,0.0839770994274857
"93","051xx",39999,114,0.00285007125178129
"94","105xx",681715,1658,0.00243210139134389
"95","838xx",248514,70,0.000281674271872007
"96","347xx",607239,409,0.000673540401719916
"97","327xx",963955,523,0.000542556447137055
"98","342xx",754925,1043,0.00138159419809915
"99","292xx",383405,1075,0.00280382363297297
"100","785xx",1295238,2318,0.0017896324845318
"101","335xx",709090,540,0.000761539437871074
"102","787xx",982008,1489,0.0015162809264283
"103","080xx",39999,18221,0.45553638840971
"104","796xx",170812,78,0.00045664239046437
"105","794xx",284243,93,0.000327184838324954
"106","601xx",1512997,3107,0.00205354009294136
"107","230xx",313858,186,0.000592624690146499
"108","038xx",39999,273,0.00682517062926573
"109","945xx",2274102,162,7.12369102177475e-05
"110","852xx",1511554,153,0.000101220333511075
"111","776xx",297396,11167,0.0375492609181025
"112","117xx",1565949,20755,0.0132539437746695
"113","326xx",380977,329,0.000863569191840977
"114","312xx",165895,25,0.000150697730492179
"115","883xx",182098,38,0.000208678843260223
"116","338xx",704015,365,0.000518454862467419
"117","983xx",713608,107,0.000149942265221242
"118","530xx",652654,89,0.000136366282900281
"119","333xx",765608,2583,0.00337378919760504
"120","218xx",291521,1487,0.00510083321613194
"121","119xx",249449,4537,0.0181880865427402
"122","115xx",729298,26515,0.0363568801779245
"123","040xx",39999,185,0.0046251156278907
"124","237xx",129128,481,0.00372498606034323
"125","104xx",1422360,740,0.0005202620996091
"126","531xx",682423,166,0.000243250886913249
"127","774xx",1124475,13499,0.0120047133106561
"128","731xx",653830,433,0.000662251655629139
"129","984xx",400115,42,0.000104969821176412
"130","322xx",935391,3048,0.00325853038996527
"131","950xx",818436,285,0.000348225151386303
"132","387xx",154760,714,0.00461359524424916
"133","193xx",474365,269,0.000567073877710202
"134","084xx",39999,8202,0.205055126378159
"135","078xx",39999,810,0.0202505062626566
"136","570xx",194144,619,0.00318835503543761
"137","221xx",465585,198,0.000425271432713683
"138","970xx",771280,118,0.000152992428171352
"139","430xx",783260,135,0.000172356561039757
"140","100xx",1580423,591,0.000373950518310604
"141","780xx",566461,254,0.000448398036228443
"142","928xx",1228127,52,4.23408979690211e-05
"143","803xx",218390,1131,0.0051788085535052
"144","228xx",163586,44,0.000268971672392503
"145","958xx",802578,159,0.000198111585415997
"146","341xx",372792,3115,0.00835586600570828
"147","707xx",517214,14937,0.0288797287003059
"148","761xx",908281,215,0.000236710885728095
"149","752xx",1296913,273,0.000210499856196985
"150","064xx",39999,4143,0.103577589439736
"151","708xx",559206,8815,0.0157634217086369
"152","454xx",485210,56,0.000115413944477649
"153","041xx",39999,13,0.00032500812520313
"154","157xx",140215,159,0.00113397282744357
"155","810xx",370051,31,8.37722367997925e-05
"156","137xx",157564,1022,0.00648625320504684
"157","112xx",2514350,3677,0.00146240579076103
"158","068xx",39999,3795,0.0948773719342984
"159","226xx",182874,77,0.000421054933998272
"160","303xx",967700,485,0.000501188384830009
"161","394xx",371436,661,0.00177957979301952
"162","275xx",1058564,877,0.000828480847638877
"163","968xx",407430,310,0.000760866897381145
"164","300xx",2177710,469,0.000215363845507437
"165","070xx",39999,9140,0.228505712642816
"166","190xx",1254017,1573,0.00125436895991043
"167","582xx",107293,117,0.00109047188539793
"168","630xx",719420,1082,0.00150398932473381
"169","823xx",83853,10,0.000119256317603425
"170","028xx",39999,2377,0.0594264856621416
"171","074xx",39999,6413,0.160329008225206
"172","189xx",387414,385,0.00099376893968726
"173","655xx",122938,238,0.00193593518684215
"174","034xx",39999,42,0.00105002625065627
"175","631xx",927396,356,0.000383870536426726
"176","083xx",39999,409,0.0102252556313908
"177","520xx",156452,134,0.000856492726203564
"178","930xx",687979,77,0.000111922020875637
"179","309xx",202193,74,0.0003659869530597
"180","850xx",1356265,223,0.000164422144639875
"181","366xx",283461,221,0.000779648699468357
"182","274xx",444749,73,0.000164137524761157
"183","480xx",1132536,229,0.000202201077934829
"184","398xx",108867,51,0.000468461517264185
"185","302xx",1001003,218,0.000217781565090215
"186","140xx",444874,240,0.000539478593938958
"187","233xx",315948,912,0.00288655095142239
"188","288xx",230439,41,0.000177921272006909
"189","025xx",39999,373,0.00932523313082827
"190","110xx",368597,467,0.00126696636163615
"191","662xx",370212,132,0.00035655246183268
"192","767xx",227989,75,0.000328963239454535
"193","406xx",82550,195,0.00236220472440945
"194","972xx",841711,115,0.000136626466803927
"195","606xx",2758191,372,0.00013487100784536
"196","479xx",304083,212,0.000697178073091886
"197","129xx",164172,179,0.00109031990838876
"198","176xx",197382,113,0.000572493945749866
"199","458xx",369216,564,0.0015275611024441
"200","801xx",748148,79,0.000105594080315659
"201","857xx",880383,107,0.000121538012433225
"202","940xx",814542,95,0.000116629958921701
"203","469xx",314926,246,0.000781135885890654
"204","191xx",1581991,237,0.00014981121890074
"205","106xx",118419,59,0.000498230858223765
"206","800xx",891658,129,0.000144674303376407
"207","980xx",1348522,171,0.000126805495201413
"208","138xx",139711,1214,0.00868936590533315
"209","350xx",442190,252,0.000569890770935571
"210","921xx",1294368,134,0.000103525427081016
"211","908xx",471952,66,0.00013984472997254
"212","069xx",39999,376,0.00940023500587515
"213","276xx",574683,190,0.000330617053227605
"214","729xx",229164,150,0.00065455307116301
"215","600xx",1681474,2239,0.00133156980125771
"216","372xx",431336,1960,0.00454402136617393
"217","351xx",324773,175,0.000538837896007365
"218","290xx",621729,274,0.000440706481441271
"219","010xx",39999,83,0.00207505187629691
"220","332xx",39999,1,2.50006250156254e-05
"221","109xx",557129,1106,0.00198517758005776
"222","460xx",535555,258,0.000481743238322861
"223","735xx",213981,310,0.00144872675611386
"224","992xx",342856,8,2.33334111113704e-05
"225","391xx",290711,603,0.00207422491752978
"226","210xx",730561,342,0.000468133393378513
"227","027xx",39999,317,0.00792519812995325
"228","103xx",505603,5280,0.0104429760108227
"229","813xx",66124,16,0.000241969632811082
"230","186xx",242724,987,0.00406634696198151
"231","254xx",187984,80,0.000425568133458167
"232","313xx",204505,872,0.00426395442654214
"233","778xx",298906,343,0.00114751794878657
"234","895xx",276896,88,0.000317808852421126
"235","804xx",294326,90,0.000305783383051446
"236","126xx",97861,50,0.000510928766311401
"237","211xx",584736,208,0.000355716083839545
"238","019xx",39999,820,0.0205005125128128
"239","085xx",39999,437,0.0109252731318283
"240","240xx",355191,260,0.00073200052929269
"241","934xx",491544,70,0.000142408411047638
"242","705xx",831670,6805,0.00818233193454134
"243","062xx",39999,20,0.000500012500312508
"244","358xx",206942,68,0.000328594485411371
"245","725xx",106530,115,0.00107950811977847
"246","065xx",39999,899,0.0224755618890472
"247","805xx",689911,522,0.000756619332058773
"248","741xx",473801,45,9.49765829958147e-05
"249","615xx",207112,241,0.00116362161535787
"250","734xx",92308,45,0.000487498375005417
"251","282xx",812844,377,0.000463803632677365
"252","198xx",238582,136,0.000570034621220377
"253","956xx",1169245,176,0.00015052448374806
"254","291xx",499135,343,0.000687188836687469
"255","802xx",1078744,134,0.000124218535630326
"256","152xx",738068,279,0.000378013949934152
"257","913xx",1363863,183,0.000134177699666315
"258","200xx",599660,195,0.000325184271086949
"259","121xx",280446,606,0.00216084379880619
"260","071xx",39999,202,0.00505012625315633
"261","553xx",952024,179,0.000188020470072183
"262","283xx",859529,1989,0.00231405804807051
"263","127xx",100073,259,0.00258811067920418
"264","763xx",214453,107,0.000498943824520991
"265","385xx",255105,69,0.000270476862468395
"266","558xx",116688,49,0.000419923214040861
"267","799xx",749635,165,0.000220107118797815
"268","917xx",1924074,23,1.19538021926392e-05
"269","923xx",1126185,90,7.99158220008258e-05
"270","305xx",727054,174,0.000239321976084307
"271","356xx",384290,126,0.00032787738426709
"272","175xx",406859,389,0.000956105186317619
"273","847xx",223077,33,0.000147930983472075
"274","354xx",225321,102,0.000452687499167854
"275","486xx",419335,357,0.000851347967615391
"276","238xx",354488,80,0.000225677596984947
"277","496xx",285310,66,0.00023132732816936
"278","380xx",444772,459,0.00103198942379466
"279","370xx",894222,1940,0.00216948364052774
"280","021xx",39999,1173,0.0293257331433286
"281","461xx",533854,230,0.000430829402795521
"282","114xx",728928,1580,0.00216756661837657
"283","244xx",192800,124,0.000643153526970954
"284","953xx",1023396,48,4.69026652439525e-05
"285","296xx",957307,189,0.000197428828996341
"286","227xx",78238,9,0.000115033615378716
"287","875xx",402253,47,0.000116841888065471
"288","532xx",817312,256,0.000313221878548217
"289","219xx",126839,99,0.000780517033404552
"290","891xx",1418650,57,4.01790434568075e-05
"291","840xx",1296725,71,5.47533208660279e-05
"292","788xx",201151,171,0.000850107630585978
"293","936xx",586109,32,5.45973530520773e-05
"294","757xx",347709,137,0.000394007632819398
"295","720xx",562198,542,0.000964073155720938
"296","554xx",1022298,131,0.000128142674640858
"297","120xx",377358,273,0.000723450940486223
"298","400xx",287625,638,0.00221816601477618
"299","403xx",367909,641,0.0017422786612994
"300","066xx",39999,609,0.0152253806345159
"301","985xx",475554,397,0.000834815814818086
"302","401xx",170616,221,0.00129530641909317
"303","373xx",564574,170,0.000301111988862399
"304","544xx",421437,79,0.000187453878041083
"305","023xx",39999,430,0.0107502687567189
"306","672xx",409656,46,0.00011228933544242
"307","914xx",305280,45,0.000147405660377358
"308","315xx",334359,1359,0.00406449355333638
"309","371xx",611406,1060,0.00173370886121497
"310","212xx",1458659,513,0.00035169289052479
"311","971xx",319301,118,0.000369557251621511
"312","390xx",322674,209,0.000647712551987455
"313","710xx",454144,386,0.00084995067643743
"314","762xx",509008,144,0.000282903215666551
"315","636xx",176460,56,0.000317352374475802
"316","057xx",39999,191,0.00477511937798445
"317","124xx",176828,706,0.00399258036057638
"318","769xx",129944,76,0.000584867327464138
"319","440xx",898812,477,0.000530700524692594
"320","756xx",334715,210,0.000627399429365281
"321","029xx",39999,375,0.00937523438085952
"322","453xx",510455,171,0.000334995249336376
"323","809xx",641517,330,0.000514405697744565
"324","730xx",906306,299,0.000329910648279941
"325","201xx",856487,244,0.000284884650905384
"326","079xx",39999,364,0.00910022750568764
"327","681xx",679950,189,0.000277961614824619
"328","718xx",127884,25,0.000195489662506647
"329","946xx",409478,25,6.10533410830374e-05
"330","133xx",161926,389,0.00240233192939985
"331","402xx",753019,1061,0.00140899499215823
"332","048xx",39999,7,0.000175004375109378
"333","828xx",36958,29,0.000784674495373126
"334","397xx",170060,109,0.000640950252851935
"335","187xx",173108,163,0.00094160870670333
"336","599xx",114854,54,0.000470162118863949
"337","128xx",225336,169,0.000749991124365392
"338","841xx",594043,26,4.3767875389492e-05
"339","462xx",915798,444,0.000484823072336913
"340","272xx",688868,101,0.000146617349042197
"341","381xx",762336,282,0.000369915627754691
"342","833xx",250838,183,0.000729554533204698
"343","249xx",93512,403,0.00430960732312431
"344","222xx",208058,63,0.000302800180718838
"345","900xx",2404395,160,6.65448064897823e-05
"346","989xx",284655,103,0.000361841527463069
"347","685xx",351454,147,0.000418262418410375
"348","422xx",167371,81,0.000483954806985679
"349","551xx",753314,55,7.30107232840489e-05
"350","301xx",1182325,144,0.000121793922990717
"351","060xx",39999,259,0.00647516187904698
"352","490xx",771227,225,0.000291742898005386
"353","665xx",128417,154,0.00119921817204887
"354","712xx",336106,2894,0.00861037886857122
"355","957xx",307626,53,0.000172287127876057
"356","922xx",770063,164,0.000212969588202524
"357","452xx",795220,198,0.000248987701516561
"358","766xx",243638,137,0.000562309656129175
"359","032xx",39999,104,0.00260006500162504
"360","046xx",39999,9,0.000225005625140629
"361","658xx",219752,27,0.000122865775965634
"362","086xx",39999,322,0.00805020125503138
"363","116xx",114978,7535,0.0655342761223886
"364","456xx",355034,220,0.000619658962240236
"365","317xx",372879,220,0.000590003727750825
"366","981xx",860817,114,0.000132432328822502
"367","973xx",597566,292,0.000488648952584317
"368","546xx",273736,251,0.000916941870999795
"369","481xx",1551892,805,0.000518721663620922
"370","759xx",258651,244,0.000943356105331122
"371","159xx",154751,48,0.000310175701610975
"372","609xx",231898,528,0.0022768631036059
"373","733xx",39999,0,0
"374","155xx",106085,127,0.00119715322618655
"375","197xx",358977,152,0.000423425456227001
"376","443xx",277405,138,0.000497467601521241
"377","047xx",39999,33,0.000825020625515638
"378","012xx",39999,111,0.00277506937673442
"379","587xx",90986,681,0.00748466797089662
"380","890xx",692653,60,8.66234608093807e-05
"381","863xx",231390,75,0.000324128095423311
"382","107xx",264584,187,0.000706769872705833
"383","184xx",351389,89,0.000253280552322355
"384","986xx",573330,78,0.000136047302600597
"385","432xx",760027,55,7.23658501605864e-05
"386","871xx",730782,37,5.06306942426059e-05
"387","870xx",292439,52,0.000177814860535018
"388","209xx",332493,87,0.000261659643962429
"389","404xx",219580,82,0.000373440204025868
"390","727xx",437833,364,0.000831367210785848
"391","039xx",39999,43,0.00107502687567189
"392","808xx",299517,92,0.000307161196192537
"393","482xx",925269,308,0.000332876168984371
"394","310xx",668989,68,0.000101645916450046
"395","814xx",84680,6,7.08549834671705e-05
"396","603xx",138794,10,7.20492240298572e-05
"397","894xx",290076,89,0.000306816144734483
"398","719xx",170333,96,0.000563601885717976
"399","925xx",1364275,49,3.59165124333437e-05
"400","670xx",281833,133,0.000471910670503454
"401","572xx",72216,458,0.00634208485654149
"402","043xx",39999,12,0.000300007500187505
"403","567xx",90104,42,0.000466128029832194
"404","194xx",559529,492,0.000879310991923564
"405","131xx",180039,123,0.000683185309849533
"406","030xx",39999,77,0.00192504812620316
"407","289xx",148851,40,0.000268725100939866
"408","379xx",391389,145,0.000370475409375327
"409","721xx",312998,501,0.00160064920542623
"410","145xx",380905,138,0.000362295060448143
"411","280xx",716468,99,0.000138177839066085
"412","144xx",325257,162,0.00049806768186388
"413","255xx",164653,191,0.00116001530491397
"414","076xx",39999,3267,0.0816770419260481
"415","125xx",455112,395,0.000867918226722213
"416","017xx",39999,144,0.00360009000225006
"417","113xx",1170817,179,0.00015288469504628
"418","142xx",605161,66,0.0001090618860105
"419","352xx",493806,331,0.00067030372251451
"420","108xx",174105,178,0.00102237155739353
"421","405xx",302454,60,0.000198377273899502
"422","977xx",212173,17,8.01232956125426e-05
"423","472xx",207251,117,0.000564532861120091
"424","740xx",641220,370,0.000577025046006051
"425","583xx",54701,203,0.00371108389243341
"426","396xx",132820,219,0.00164884806505044
"427","178xx",238440,1585,0.00664737460157692
"428","604xx",1508202,800,0.000530432926093454
"429","548xx",202486,45,0.000222237586796124
"430","919xx",544448,49,8.99994122487363e-05
"431","173xx",350217,537,0.00153333504655685
"432","607xx",191752,101,0.000526722015937252
"433","768xx",88460,64,0.000723490843319014
"434","565xx",183509,247,0.00134598303080503
"435","660xx",604640,183,0.000302659433712622
"436","024xx",39999,304,0.00760019000475012
"437","591xx",128125,57,0.000444878048780488
"438","413xx",34949,7,0.000200291853844173
"439","598xx",193123,80,0.000414243772103789
"440","680xx",239490,993,0.00414631091068521
"441","751xx",785171,244,0.000310760331189002
"442","856xx",305784,63,0.000206027784318342
"443","183xx",255195,68,0.000266462900918905
"444","441xx",1238572,293,0.000236562751297462
"445","543xx",180850,71,0.000392590544650263
"446","360xx",302926,50,0.000165056812554881
"447","451xx",338046,89,0.000263277778763837
"448","067xx",39999,128,0.00320008000200005
"449","535xx",548906,156,0.000284201666587722
"450","148xx",283720,187,0.000659100521641055
"451","245xx",471858,99,0.000209808883180957
"452","639xx",85096,401,0.00471232490363824
"453","436xx",354480,119,0.000335703001579779
"454","161xx",254226,184,0.000723765468520136
"455","281xx",661610,102,0.000154169374707154
"456","527xx",169212,374,0.00221024513627875
"457","421xx",243976,51,0.000209036954454537
"458","445xx",176192,22,0.00012486378496186
"459","241xx",230435,134,0.000581508885368976
"460","171xx",170992,918,0.00536867221858333
"461","277xx",297841,122,0.000409614525871186
"462","253xx",164780,205,0.00124408301978395
"463","581xx",117401,209,0.00178022333710956
"464","610xx",443864,318,0.000716435664978462
"465","179xx",125636,332,0.00264255468177911
"466","053xx",39999,115,0.00287507187679692
"467","232xx",567826,80,0.000140888229845058
"468","215xx",266877,33,0.000123652469114986
"469","617xx",234885,25,0.000106435063967473
"470","640xx",660931,159,0.000240569741773347
"471","151xx",399276,156,0.000390707179995792
"472","054xx",39999,227,0.00567514187854696
"473","134xx",195824,508,0.00259416619004821
"474","357xx",238219,103,0.000432375251344351
"475","812xx",84734,18,0.000212429485212548
"476","988xx",219761,66,0.000300326263531746
"477","271xx",281392,104,0.000369591175299937
"478","666xx",163415,38,0.000232536792828076
"479","468xx",309599,135,0.000436047920051421
"480","724xx",221414,419,0.00189238259549983
"481","959xx",516655,177,0.000342588381027959
"482","377xx",355849,57,0.00016018030119517
"483","122xx",173107,30,0.000173303217085386
"484","550xx",664317,260,0.000391379416754351
"485","463xx",669104,136,0.000203256892799923
"486","408xx",62344,23,0.000368920826382651
"487","722xx",214454,201,0.000937263935389408
"488","089xx",39999,46,0.00115002875071877
"489","298xx",221822,19,8.56542633282542e-05
"490","564xx",164482,46,0.000279665860094114
"491","620xx",307518,426,0.0013852847638187
"492","363xx",237766,159,0.00066872471253249
"493","960xx",299938,161,0.000536777600704145
"494","044xx",39999,21,0.000525013125328133
"495","056xx",39999,349,0.00872521813045326
"496","947xx",138207,6,4.34131411578285e-05
"497","164xx",130386,32,0.000245425122329084
"498","018xx",39999,378,0.0094502362559064
"499","359xx",293517,50,0.000170347884449623
"500","177xx",226390,996,0.00439948760987676
"501","996xx",184083,55,0.000298778268498449
"502","293xx",392169,35,8.92472377979902e-05
"503","273xx",390016,70,0.000179479816212668
"504","252xx",58122,81,0.00139362031588727
"505","014xx",39999,34,0.000850021250531263
"506","993xx",348984,26,7.45019828989295e-05
"507","853xx",1316629,81,6.15207473023912e-05
"508","474xx",275729,78,0.000282886457354867
"509","880xx",344699,41,0.000118944354349737
"510","382xx",177070,40,0.000225899361834303
"511","163xx",150044,80,0.000533176934765802
"512","590xx",87785,107,0.00121888705359686
"513","755xx",126209,34,0.000269394417196872
"514","748xx",231628,62,0.000267670575232701
"515","667xx",118458,81,0.000683786658562529
"516","790xx",247822,20,8.07030852789502e-05
"517","907xx",617239,31,5.02236572867236e-05
"518","392xx",233060,398,0.00170771475156612
"519","837xx",255947,24,9.37694131988263e-05
"520","791xx",220580,46,0.000208541118868438
"521","217xx",535156,132,0.00024665704953322
"522","442xx",581468,269,0.000462622190731046
"523","383xx",325841,273,0.000837831948711181
"524","619xx",109606,73,0.000666021933105852
"525","494xx",568119,118,0.00020770296363966
"526","410xx",603691,163,0.000270005681714652
"527","308xx",208009,22,0.000105764654413992
"528","559xx",327312,156,0.000476609473529843
"529","836xx",494636,65,0.00013140976394763
"530","483xx",969154,79,8.15143929654111e-05
"531","180xx",595580,236,0.000396252392625676
"532","585xx",153646,683,0.00444528331359098
"533","754xx",336587,151,0.000448621010318283
"534","141xx",200100,35,0.000174912543728136
"535","877xx",41524,6,0.000144494750024082
"536","714xx",194804,610,0.00313135253896224
"537","307xx",429742,77,0.000179177273806144
"538","262xx",84955,123,0.00144782531928668
"539","015xx",39999,61,0.00152503812595315
"540","622xx",487047,247,0.000507137914821362
"541","297xx",352010,37,0.000105110650265617
"542","673xx",62993,42,0.000666740748972108
"543","153xx",218547,132,0.000603989073288583
"544","412xx",49911,126,0.00252449359860552
"545","450xx",584158,103,0.000176322159415774
"546","843xx",176511,25,0.000141634232427441
"547","130xx",406136,145,0.000357023263143381
"548","522xx",167983,124,0.000738169933862355
"549","250xx",69428,345,0.00496917670104281
"550","503xx",295378,243,0.000822674674484897
"551","935xx",529275,37,6.99069481838364e-05
"552","058xx",39999,82,0.00205005125128128
"553","864xx",237157,19,8.01157039429576e-05
"554","476xx",141171,100,0.000708360782313648
"555","506xx",182293,413,0.00226558342887549
"556","764xx",239479,170,0.000709874352239654
"557","434xx",188230,134,0.000711895022047495
"558","515xx",164060,380,0.00231622577105937
"559","998xx",49595,8,0.000161306583324932
"560","447xx",210287,96,0.000456518947914041
"561","437xx",194158,57,0.000293575335551458
"562","123xx",183891,108,0.000587304435779891
"563","745xx",150758,17,0.00011276350177105
"564","637xx",174298,126,0.000722899861157328
"565","156xx",363269,217,0.000597353476349482
"566","386xx",457160,336,0.000734972438533555
"567","806xx",338120,66,0.000195196971489412
"568","374xx",224283,111,0.000494910447960835
"569","654xx",93957,100,0.00106431665549134
"570","541xx",250222,31,0.000123889985692705
"571","478xx",193291,75,0.000388015996606153
"572","820xx",196125,41,0.000209050350541746
"573","035xx",39999,28,0.000700017500437511
"574","832xx",193212,22,0.000113864563277643
"575","575xx",67576,143,0.0021161359062389
"576","747xx",142884,32,0.000223957895915568
"577","593xx",34707,70,0.00201688420203417
"578","261xx",133191,94,0.000705753391745689
"579","749xx",115344,58,0.000502843667637675
"580","641xx",649729,156,0.000240100103273826
"581","306xx",470532,17,3.61293174534357e-05
"582","471xx",290482,344,0.00118423861030976
"583","367xx",114986,31,0.00026959803802202
"584","493xx",347298,214,0.000616185523671314
"585","166xx",207861,151,0.000726447000639851
"586","557xx",169140,86,0.000508454534704978
"587","136xx",250120,100,0.000399808092115784
"588","316xx",191534,30,0.000156630154437332
"589","495xx",422163,104,0.000246350343350791
"590","384xx",215531,111,0.000515007121945335
"591","961xx",117236,49,0.000417960353475042
"592","545xx",126874,11,8.67001907404196e-05
"593","050xx",39999,152,0.00380009500237506
"594","577xx",202460,57,0.000281537093746913
"595","629xx",227133,253,0.00111388481638511
"596","975xx",284396,28,9.84542679925175e-05
"597","172xx",243098,46,0.000189224098923068
"598","491xx",126246,34,0.000269315463460228
"599","618xx",292105,58,0.000198558737440304
"600","758xx",127245,64,0.000502966717749224
"601","031xx",39999,10,0.000250006250156254
"602","415xx",68173,168,0.00246431871855427
"603","571xx",161141,164,0.0010177422257526
"604","910xx",283340,40,0.000141173148867085
"605","465xx",484878,216,0.000445472881838318
"606","602xx",103585,15,0.000144808611285418
"607","657xx",287966,126,0.000437551655403763
"608","713xx",203101,1142,0.00562281820375084
"609","146xx",526983,107,0.000203042602892313
"610","393xx",211197,50,0.000236745787108718
"611","625xx",203569,23,0.000112983804017311
"612","616xx",172902,219,0.00126661345733421
"613","160xx",350629,221,0.000630295839762256
"614","149xx",49642,11,0.000221586559767938
"615","937xx",566216,9,1.58949941365133e-05
"616","242xx",228136,60,0.000263001016937266
"617","952xx",500427,41,8.1930031752883e-05
"618","549xx",497534,187,0.000375853710500187
"619","259xx",46835,184,0.00392868581189282
"620","652xx",278721,58,0.000208093398057556
"621","188xx",147699,457,0.00309413063053914
"622","580xx",80089,334,0.00417036047397271
"623","933xx",520197,11,2.11458351355352e-05
"624","497xx",246258,13,5.2790163162212e-05
"625","049xx",39999,25,0.000625015625390635
"626","816xx",152118,13,8.54599718639477e-05
"627","995xx",320660,26,8.10827667934884e-05
"628","793xx",182624,19,0.000104038899596986
"629","613xx",152022,144,0.000947231321782374
"630","502xx",214162,49,0.000228798759817335
"631","991xx",115238,37,0.000321074645516236
"632","248xx",66054,100,0.00151391285917583
"633","948xx",166367,15,9.01621114764346e-05
"634","431xx",411231,125,0.000303965411167932
"635","688xx",200641,54,0.000269137414586251
"636","537xx",272940,35,0.00012823331135048
"637","265xx",192103,99,0.000515348536982764
"638","859xx",77912,7,8.98449532806243e-05
"639","797xx",400023,100,0.000249985625826515
"640","507xx",83470,98,0.00117407451779082
"641","594xx",130414,90,0.000690109957519898
"642","042xx",39999,19,0.000475011875296882
"643","743xx",192349,193,0.0010033844730152
"644","435xx",317218,92,0.000290021373314251
"645","081xx",39999,236,0.00590014750368759
"646","825xx",49274,13,0.000263830823558063
"647","539xx",199412,212,0.00106312558923234
"648","728xx",123211,23,0.000186671644577189
"649","150xx",496865,381,0.00076680788544172
"650","378xx",535303,85,0.000158788573947839
"651","165xx",187498,21,0.00011200119467941
"652","746xx",102292,36,0.000351933680053181
"653","475xx",174413,38,0.000217873667673855
"654","563xx",308196,34,0.000110319407130527
"655","675xx",144441,74,0.000512319909167065
"656","815xx",143328,11,7.67470417503907e-05
"657","158xx",129423,233,0.00180029824683402
"658","513xx",47302,24,0.000507378123546573
"659","656xx",211390,287,0.0013576801173187
"660","196xx",276765,37,0.000133687424349177
"661","650xx",154610,250,0.00161697173533407
"662","684xx",91010,196,0.00215360949346226
"663","304xx",265982,49,0.000184222992533329
"664","924xx",236660,9,3.8029240260289e-05
"665","772xx",146026,0,0
"666","368xx",245035,41,0.000167323035484727
"667","633xx",514184,1610,0.00313117483235573
"668","118xx",72690,22,0.000302655110744256
"669","489xx",162150,38,0.000234350909651557
"670","464xx",140789,50,0.000355141381784088
"671","511xx",85884,16,0.00018629779702855
"672","674xx",137592,33,0.000239839525553811
"673","195xx",246751,118,0.000478214880588123
"674","932xx",778666,53,6.8065126768088e-05
"675","955xx",166360,23,0.000138254388074056
"676","648xx",327436,326,0.000995614410144272
"677","243xx",153553,50,0.000325620469805214
"678","855xx",137152,40,0.000291647223518432
"679","037xx",39999,32,0.000800020000500012
"680","560xx",273289,123,0.000450072999645064
"681","556xx",16024,4,0.000249625561657514
"682","822xx",56674,11,0.000194092529202103
"683","644xx",138390,1055,0.0076233831924272
"684","574xx",65526,73,0.00111406159387114
"685","256xx",70476,245,0.00347636074692094
"686","884xx",94365,3,3.1791448100461e-05
"687","181xx",199282,35,0.000175630513543622
"688","446xx",477734,102,0.000213507935378265
"689","488xx",626901,134,0.000213749858430597
"690","504xx",112833,26,0.000230429041149309
"691","467xx",332574,182,0.00054724662781817
"692","540xx",214545,32,0.0001491528583747
"693","355xx",158109,17,0.000107520760993998
"694","477xx",186861,156,0.000834845152278967
"695","882xx",296526,41,0.00013826780788194
"696","596xx",77194,58,0.000751353732155349
"697","824xx",73758,10,0.000135578513517178
"698","139xx",82318,283,0.00343788721786244
"699","912xx",203173,16,7.87506213916219e-05
"700","263xx",125408,31,0.000247193161520796
"701","444xx",363326,88,0.000242206723438455
"702","795xx",116944,68,0.000581474893966343
"703","860xx",193896,31,0.000159879523043281
"704","514xx",57010,7,0.00012278547623224
"705","247xx",160736,23,0.000143091777822019
"706","500xx",233840,99,0.000423366404379063
"707","251xx",75944,102,0.00134309491204045
"708","997xx",134189,51,0.000380060958796921
"709","168xx",196899,90,0.000457087136044368
"710","844xx",186422,14,7.50984325884284e-05
"711","521xx",59566,49,0.000822616929120639
"712","167xx",48864,11,0.000225114603798297
"713","789xx",68929,191,0.00277096722714677
"714","174xx",256942,143,0.000556545835246865
"715","409xx",118738,114,0.000960097020330476
"716","420xx",222568,218,0.000979475935444449
"717","716xx",169043,347,0.00205273214507551
"718","897xx",66108,11,0.000166394384945846
"719","073xx",39999,988,0.0247006175154379
"720","407xx",171245,6,3.50375193436305e-05
"721","260xx",146854,146,0.000994184700450788
"722","501xx",176519,51,0.000288920739410488
"723","898xx",55097,16,0.000290396936312322
"724","318xx",86317,17,0.00019694845743017
"725","873xx",125342,9,7.18035454995133e-05
"726","075xx",39999,804,0.0201005025125628
"727","270xx",336097,30,8.92599457894596e-05
"728","830xx",67533,7,0.00010365302888958
"729","362xx",185658,22,0.000118497452304775
"730","485xx",198147,92,0.000464301755767183
"731","686xx",73807,152,0.00205942525776688
"732","426xx",80267,3,3.7375260069518e-05
"733","061xx",39999,86,0.00215005375134378
"734","990xx",142008,15,0.000105627851952003
"735","717xx",108918,22,0.000201986815769662
"736","951xx",974040,158,0.000162210997494969
"737","484xx",477613,36,7.53748327620898e-05
"738","389xx",120745,75,0.000621143732659737
"739","499xx",82106,8,9.74350230190242e-05
"740","473xx",347859,137,0.000393837733104505
"741","623xx",159061,155,0.000974468914441629
"742","885xx",148277,0,0
"743","744xx",266240,171,0.000642277644230769
"744","052xx",39999,48,0.00120003000075002
"745","978xx",145632,34,0.000233465172489563
"746","448xx",340468,223,0.000654980791146304
"747","022xx",39999,2,5.00012500312508e-05
"748","881xx",184192,7,3.80038220986796e-05
"749","904xx",92043,8,8.69158980041937e-05
"750","239xx",107506,2,1.860361282161e-05
"751","457xx",171883,79,0.000459614970648639
"752","911xx",166475,9,5.40621714972218e-05
"753","154xx",205152,106,0.000516690063952581
"754","651xx",343952,69,0.000200609387356375
"755","169xx",64601,75,0.00116097274036006
"756","693xx",70501,32,0.000453894271003248
"757","510xx",92525,146,0.00157795190489057
"758","523xx",155051,133,0.000857782278089145
"759","807xx",158879,17,0.000106999666412805
"760","016xx",39999,42,0.00105002625065627
"761","614xx",147277,137,0.000930219925718204
"762","611xx",389071,219,0.0005628792688224
"763","944xx",131801,25,0.000189679896207161
"764","487xx",211123,62,0.000293667672399502
"765","561xx",91602,90,0.000982511298879937
"766","737xx",108207,20,0.000184830925910523
"767","915xx",106841,11,0.000102956730094252
"768","466xx",153188,39,0.000254589132308014
"769","647xx",218841,44,0.000201059216508789
"770","612xx",227311,477,0.00209844662158892
"771","524xx",134152,154,0.00114795157731528
"772","671xx",150868,106,0.000702600949174113
"773","687xx",169378,166,0.000980056441804721
"774","645xx",199119,76,0.000381681306153607
"775","798xx",86166,10,0.000116055056518813
"776","653xx",103329,25,0.000241945629978031
"777","072xx",39999,195,0.00487512187804695
"778","676xx",68667,7,0.000101941252712365
"779","185xx",225374,21,9.31784500430396e-05
"780","661xx",267885,8,2.98635608563376e-05
"781","528xx",102516,134,0.00130711303601389
"782","526xx",111551,90,0.00080680585561761
"783","542xx",128819,13,0.000100916790225044
"784","562xx",145227,116,0.00079874954381761
"785","906xx",726229,6,8.26185679723613e-06
"786","664xx",84645,13,0.000153582609722961
"787","835xx",70822,2,2.82398124876451e-05
"788","424xx",172826,128,0.000740629303461285
"789","111xx",232938,68,0.000291923172689729
"790","423xx",181684,114,0.000627463067743995
"791","033xx",39999,1,2.50006250156254e-05
"792","264xx",100227,41,0.000409071407904058
"793","874xx",154625,25,0.000161681487469685
"794","266xx",54676,35,0.000640134611163948
"795","258xx",89220,103,0.00115444967496077
"796","132xx",229807,35,0.000152301714047005
"797","668xx",60578,14,0.000231107002542177
"798","608xx",230783,22,9.53276454504881e-05
"799","369xx",19164,6,0.000313087038196619
"800","388xx",278219,75,0.000269571812133607
"801","627xx",156529,24,0.000153326220700318
"802","143xx",88134,29,0.000329044409648944
"803","683xx",120721,124,0.00102716180283464
"804","846xx",287925,15,5.20969002344361e-05
"805","595xx",30683,29,0.000945148779454421
"806","449xx",100084,10,9.99160705007794e-05
"807","269xx",39999,0,0
"808","635xx",115636,6,5.18869556193573e-05
"809","851xx",422406,44,0.000104165187047532
"810","182xx",226437,43,0.000189898294006722
"811","879xx",17432,15,0.00086048646167967
"812","979xx",32109,6,0.000186863496216014
"813","364xx",108815,20,0.000183798189587833
"814","638xx",156473,301,0.00192365456021167
"815","738xx",32247,4,0.000124042546593482
"816","534xx",137273,6,4.37085224333991e-05
"817","013xx",39999,38,0.000950023750593765
"818","416xx",40052,176,0.00439428742634575
"819","646xx",149073,37,0.000248200546041201
"820","538xx",59806,32,0.00053506337156807
"821","689xx",105037,11,0.00010472500166608
"822","753xx",39999,0,0
"823","516xx",24692,136,0.00550785679572331
"824","162xx",88423,31,0.000350587516822546
"825","811xx",90194,3,3.32616360290041e-05
"826","999xx",21403,3,0.000140167266271083
"827","418xx",31026,5,0.000161155160188229
"828","827xx",68871,2,2.90397990445906e-05
"829","147xx",199408,61,0.000305905480221456
"830","417xx",40679,22,0.000540819587502151
"831","512xx",44522,45,0.0010107362652172
"832","726xx",137720,20,0.000145222189950624
"833","723xx",175089,336,0.00191902403920292
"834","905xx",174353,1,5.73549064254702e-06
"835","831xx",52186,2,3.832445483463e-05
"836","492xx",364923,36,9.86509482822404e-05
"837","826xx",104899,8,7.62638347362701e-05
"838","994xx",21696,2,9.21828908554572e-05
"839","893xx",12103,1,8.26241427745187e-05
"840","267xx",73122,22,0.000300867044118049
"841","679xx",100617,5,4.96933917727621e-05
"842","470xx",118347,46,0.000388687503696756
"843","976xx",71254,3,4.21028994863446e-05
"844","455xx",108294,16,0.000147745950837535
"845","584xx",53958,31,0.000574520923681382
"846","592xx",35870,95,0.00264845274602732
"847","573xx",98026,27,0.000275437128924979
"848","547xx",287649,55,0.000191205253625078
"849","008xx",39999,277,0.00692517312932823
"850","439xx",180124,110,0.000610690413270858
"851","006xx",39999,345,0.00862521563039076
"852","634xx",99831,144,0.00144243771974637
"853","007xx",39999,726,0.018150453761344
"854","009xx",39999,799,0.0199754993874847
"855","414xx",25502,20,0.000784252215512509
"856","628xx",223389,64,0.000286495754043395
"857","433xx",208703,225,0.00107808704235205
"858","624xx",174513,26,0.000148986035424295
"859","505xx",131485,55,0.000418298665246986
"860","736xx",59104,4,6.76773145641581e-05
"861","204xx",55814,3,5.37499552083707e-05
"862","626xx",196446,104,0.000529407572564471
"863","508xx",40424,2,4.94755590738175e-05
"864","691xx",79899,49,0.000613274258751674
"865","525xx",125149,64,0.000511390422616241
"866","845xx",56116,4,7.12809180982251e-05
"867","411xx",139653,440,0.0031506662943152
"868","268xx",33282,4,0.000120185085030948
"869","246xx",139384,35,0.000251104861390117
"870","678xx",144124,7,4.85692875579362e-05
"871","438xx",64671,17,0.000262868983006293
"872","566xx",108060,5,4.62705904127337e-05
"873","829xx",70485,3,4.25622472866567e-05
"874","101xx",91076,25,0.000274496025297554
"875","669xx",25467,5,0.000196332508736797
"876","498xx",196379,12,6.11063301065796e-05
"877","102xx",79870,15,0.000187805183423062
"878","690xx",148015,0,0
"879","588xx",26770,5,0.00018677624206201
"880","642xx",32720,0,0
"881","036xx",39999,0,0
"882","586xx",45757,8,0.000174836637017287
"883","135xx",76572,10,0.000130596040328057
"884","878xx",18552,8,0.00043122035360069
"885","792xx",110060,1,9.08595311648192e-06
"886","345xx",20818,0,0
"887","000xx",39999,2,5.00012500312508e-05
"888","094xx",39999,1,2.50006250156254e-05
"889","059xx",39999,2,5.00012500312508e-05
"890","872xx",106393,1,9.39911460340436e-06
"891","011xx",39999,3,7.50018750468762e-05
"892","649xx",52204,1,1.9155620258984e-05
"893","886xx",107182,2,1.86598496016122e-05
"894","964xx",39999,0,0
"895","311xx",21203,3,0.000141489411875678
"896","715xx",39999,0,0
"897","425xx",105197,6,5.70358470298583e-05
"898","969xx",39999,11,0.000275006875171879
"899","576xx",34863,1,2.86837047873103e-05
"900","533xx",39999,0,0
"901","987xx",39999,0,0
"902","771xx",78967,2,2.53270353438778e-05
"903","929xx",39999,0,0
"904","202xx",53814,0,0
"905","001xx",39999,1,2.50006250156254e-05
"906","213xx",256522,0,0
"907","192xx",40915,0,0
"908","903xx",135222,2,1.47904926713109e-05
"909","340xx",39999,0,0
"910","348xx",39999,0,0
"911","842xx",39999,0,0
"912","091xx",39999,0,0
"913","702xx",128535,2,1.55599642120823e-05
"914","677xx",101206,1,9.88083710451949e-06
"915","918xx",83057,0,0
"916","632xx",27617,0,0
"917","899xx",39999,0,0
"918","941xx",805301,2,2.4835434204105e-06
"919","343xx",25280,1,3.95569620253165e-05
"920","739xx",28416,0,0
"921","867xx",39999,0,0
"922","090xx",39999,0,0
"923","888xx",47074,1,2.12431490844203e-05
"924","399xx",39999,1,2.50006250156254e-05
"925","092xx",39999,0,0
"926","965xx",39999,0,0
"927","896xx",39999,0,0
"928","005xx",39999,0,0
"929","621xx",39999,0,0
"930","205xx",69085,0,0
"931","709xx",134060,0,0
"932","095xx",39999,0,0
"933","097xx",39999,0,0
"934","742xx",49297,0,0
"935","876xx",39999,0,0
"936","966xx",39999,0,0
"937","096xx",39999,0,0
"938","002xx",39999,1,2.50006250156254e-05
"939","555xx",39999,0,0
"940","643xx",24925,0,0
"941","663xx",39999,0,0
"942","203xx",60370,0,0
"943","459xx",39999,0,0
"944","093xx",39999,0,0
"945","099xx",39999,0,0
"946","004xx",39999,0,0
"947","865xx",62745,0,0
"948","682xx",75755,0,0
"949","536xx",3346,0,0
"950","854xx",52304,0,0
"951","962xx",39999,1,2.50006250156254e-05
"952","429xx",6484,0,0
"953","517xx",39999,0,0
