"zip_1st3","meanlats","meanlons"
"005xx",40.81,-73.04
"006xx",18.3175058823529,-66.8048352941177
"007xx",18.1454138266797,-66.1303018500487
"008xx",18.0927586206897,-64.8355172413793
"009xx",18.3824159663866,-66.0916596638655
"010xx",42.264094488189,-72.606062992126
"011xx",42.1043396226415,-72.5371698113208
"012xx",42.3303529411765,-73.2487058823529
"013xx",42.6079452054795,-72.5461643835616
"014xx",42.5882978723404,-71.7546808510638
"015xx",42.2117821782178,-71.7991089108911
"016xx",42.2629166666667,-71.81375
"017xx",42.3543103448276,-71.4272413793103
"018xx",42.6092,-71.1914666666667
"019xx",42.6052631578947,-70.890350877193
"020xx",42.1459701492537,-70.9919402985075
"021xx",42.3231205673759,-71.0593617021277
"022xx",42.3491304347826,-71.0634782608696
"023xx",41.9945977011494,-70.8851724137931
"024xx",42.3431034482759,-71.2090804597701
"025xx",41.5657575757576,-70.5701515151515
"026xx",41.7101470588235,-70.1920588235294
"027xx",41.7743243243243,-71.0887837837838
"028xx",41.63,-71.5387234042553
"029xx",41.8217777777778,-71.422
"030xx",42.8816666666667,-71.475625
"031xx",42.9975,-71.45625
"032xx",43.5180991735537,-71.657520661157
"033xx",43.2216666666667,-71.54
"034xx",42.9108163265306,-72.2189795918367
"035xx",44.5665957446809,-71.4934042553191
"036xx",43.1733333333333,-72.35
"037xx",43.7190476190476,-72.1328571428571
"038xx",43.4134265734266,-71.0475524475524
"039xx",43.2026666666667,-70.724
"040xx",43.7425,-70.4791935483871
"041xx",43.6536585365854,-70.2412195121951
"042xx",44.3097826086956,-70.3915217391304
"043xx",44.3010256410256,-69.755641025641
"044xx",45.2183018867925,-68.7321383647799
"045xx",43.9071153846154,-69.6084615384615
"046xx",44.5922608695652,-67.9714782608696
"047xx",46.666,-68.2716842105263
"048xx",44.1066666666667,-69.114
"049xx",44.860625,-69.8059722222222
"050xx",43.8127692307692,-72.3938461538462
"051xx",43.2493220338983,-72.6047457627119
"052xx",43.0235416666667,-73.1502083333333
"053xx",42.9389230769231,-72.7169230769231
"054xx",44.5945299145299,-73.0552564102564
"055xx",42.65,-71.14
"056xx",44.3092125984252,-72.581968503937
"057xx",43.6229508196721,-73.062131147541
"058xx",44.6426495726496,-72.1130769230769
"059xx",44.69875,-71.62
"060xx",41.8605298013245,-72.7929139072848
"061xx",41.7515555555556,-72.6867222222222
"062xx",41.8247115384615,-72.0676923076923
"063xx",41.4596551724138,-72.0425287356322
"064xx",41.4373863636364,-72.7668181818182
"065xx",41.3182926829268,-72.920243902439
"066xx",41.1894444444444,-73.1905555555555
"067xx",41.6279,-73.1509
"068xx",41.1794520547945,-73.4383561643836
"069xx",41.09,-73.55
"070xx",40.7669186046512,-74.2168604651163
"071xx",40.7244444444444,-74.172
"072xx",40.6644444444444,-74.2044444444444
"073xx",40.7111111111111,-74.0588888888889
"074xx",41.0431775700935,-74.333738317757
"075xx",40.9158333333333,-74.1727777777778
"076xx",40.9278260869565,-74.0211594202899
"077xx",40.2847058823529,-74.0857352941176
"078xx",40.9424418604651,-74.7433720930233
"079xx",40.7410416666667,-74.4972916666667
"080xx",39.7993454545455,-74.9028
"081xx",39.918064516129,-75.0774193548387
"082xx",39.255046728972,-74.6828971962617
"083xx",39.4307692307692,-75.0387692307692
"084xx",39.3392307692308,-74.4723076923077
"085xx",40.2625,-74.629125
"086xx",40.22,-74.76
"087xx",39.9892,-74.1477333333333
"088xx",40.5282178217822,-74.6079207920792
"089xx",40.4742105263158,-74.4494736842105
"090xx",0,0
"091xx",0,0
"092xx",0,0
"093xx",-44.25,33.53
"094xx",0,0
"095xx",0,0
"096xx",0,0
"097xx",0,0
"098xx",0,0
"100xx",40.7127748691099,-73.9902094240838
"101xx",40.7105847953216,-73.9902339181287
"102xx",40.7142857142857,-63.4228571428571
"103xx",40.58,-74.14
"104xx",40.84,-73.87
"105xx",41.1836690647482,-73.7812949640288
"106xx",41.0288235294118,-73.7470588235294
"107xx",40.9505555555556,-73.8444444444444
"108xx",40.92125,-73.78375
"109xx",41.2441025641026,-74.1328205128205
"110xx",40.7655555555556,-73.6987037037037
"111xx",40.7593548387097,-73.9187096774194
"112xx",40.6472881355932,-73.9471186440678
"113xx",40.7487179487179,-73.8304273504274
"114xx",40.6873913043478,-73.7786956521739
"115xx",40.7062773722628,-73.63
"116xx",40.5807407407407,-73.8337037037037
"117xx",40.7977307692308,-73.2625
"118xx",40.76375,-73.5075
"119xx",40.9086956521739,-72.5455434782609
"120xx",42.7472392638037,-73.9856441717791
"121xx",42.6862666666667,-73.938
"122xx",42.66,-73.79
"123xx",42.8,-73.92
"124xx",42.0668965517241,-74.1968103448276
"125xx",41.7577876106195,-73.8511504424779
"126xx",41.69,-73.92
"127xx",41.6772289156627,-74.7632530120482
"128xx",43.4338356164384,-73.6673287671233
"129xx",44.5709489051095,-73.9340875912409
"130xx",42.9678102189781,-76.1991240875912
"131xx",43.050990990991,-76.3163963963964
"132xx",43.04,-76.1397222222222
"133xx",43.1795209580838,-75.2044910179641
"134xx",43.0666871165644,-75.258527607362
"135xx",43.1,-75.23
"136xx",44.2803738317757,-75.5442523364486
"137xx",42.2203816793893,-75.5141221374046
"138xx",42.3122058823529,-75.6741911764706
"139xx",42.1,-75.91
"140xx",42.8038043478261,-78.6269565217391
"141xx",42.81328125,-78.75046875
"142xx",42.88,-78.85
"143xx",43.09,-79.01
"144xx",42.9705970149254,-77.5991044776119
"145xx",42.924578313253,-77.5036144578313
"146xx",43.1589743589744,-77.6089743589744
"147xx",42.1863529411765,-78.8222352941176
"148xx",42.310505050505,-77.0965656565657
"149xx",42.08,-76.8
"150xx",40.4597520661157,-80.045041322314
"151xx",40.4071186440678,-79.936779661017
"152xx",40.4301639344262,-79.969262295082
"153xx",40.0484057971015,-80.1828985507246
"154xx",39.9504255319149,-79.688829787234
"155xx",39.9664444444444,-78.872
"156xx",40.3259183673469,-79.5365306122449
"157xx",40.7240506329114,-79.0149367088608
"158xx",41.2610256410256,-78.7230769230769
"159xx",40.3569230769231,-78.8557692307692
"160xx",40.9303636363636,-79.8769090909091
"161xx",41.1451612903226,-80.3417741935484
"162xx",40.9974509803922,-79.3870588235294
"163xx",41.6038805970149,-79.5550746268657
"164xx",41.8914545454545,-80.0892727272727
"165xx",42.1186046511628,-80.0716279069767
"166xx",40.4758510638298,-78.3504255319149
"167xx",41.8221875,-78.490625
"168xx",40.9245714285714,-77.9842857142857
"169xx",41.8257432432432,-77.3394594594595
"170xx",40.3781280788177,-77.0420689655172
"171xx",40.27,-76.88
"172xx",39.9664171122995,-77.7462032085562
"173xx",39.8858125,-76.8735
"174xx",39.9587179487179,-76.7402564102564
"175xx",40.0438285714286,-76.2413714285714
"176xx",40.0390322580645,-76.3029032258064
"177xx",41.2755825242718,-77.1227669902913
"178xx",40.8863241106719,-76.7477865612648
"179xx",40.6910112359551,-76.249606741573
"180xx",40.64,-75.4077142857143
"181xx",40.5916666666667,-75.4683333333333
"182xx",40.9248148148148,-75.9427777777778
"183xx",41.0827941176471,-75.1954411764706
"184xx",41.5095384615385,-75.4565384615385
"185xx",41.39875,-75.66875
"186xx",41.3454444444444,-76.0074444444444
"187xx",41.245303030303,-75.8792424242424
"188xx",41.8260869565217,-76.1167391304348
"189xx",40.3308139534884,-75.1463953488372
"190xx",39.9964552238806,-75.2265671641791
"191xx",39.9524038461538,-75.1584615384615
"192xx",39.95,-75.16
"193xx",39.9365168539326,-75.7121348314607
"194xx",40.1550757575758,-75.4075
"195xx",40.3999390243902,-75.8350609756097
"196xx",40.3310526315789,-75.919649122807
"197xx",39.6444444444444,-75.6761111111111
"198xx",39.7332727272727,-75.5292727272727
"199xx",38.8238888888889,-75.3848611111111
"200xx",38.8903225806452,-77.0288709677419
"201xx",38.919552238806,-77.5420149253731
"202xx",38.8898039215686,-77.0296078431373
"203xx",38.8889333333333,-77.0276
"204xx",38.8902,-77.0294
"205xx",38.8849056603774,-77.027106918239
"206xx",38.4252475247525,-76.7280198019802
"207xx",38.9129047619048,-76.8579523809524
"208xx",39.0815887850467,-77.1533644859813
"209xx",39.0078947368421,-77.0157894736842
"210xx",39.3776767676768,-76.5785858585859
"211xx",39.4025806451613,-76.6716129032258
"212xx",39.2939506172839,-76.5990740740741
"214xx",38.9729411764706,-76.4970588235294
"215xx",39.5530612244898,-79.0573469387755
"216xx",38.8591578947368,-76.0190526315789
"217xx",39.4919587628866,-77.4825773195876
"218xx",38.2478571428571,-75.6175714285714
"219xx",39.5665,-75.9405
"220xx",38.84890625,-77.26625
"221xx",38.8037931034483,-77.2172413793104
"222xx",38.8722807017544,-77.0954385964912
"223xx",39.4802325581395,-71.8469767441861
"224xx",38.1910752688172,-77.2340860215054
"225xx",38.0280952380952,-77.0276190476191
"226xx",38.9949056603774,-78.2347169811321
"227xx",38.4628813559322,-78.075593220339
"228xx",38.5411764705882,-78.8054901960784
"229xx",38.0202678571429,-78.5065178571429
"230xx",37.5625531914894,-77.1090425531915
"231xx",37.526862745098,-77.008431372549
"232xx",37.55,-77.4598449612403
"233xx",37.3841509433962,-75.922641509434
"234xx",37.0844859813084,-76.016261682243
"235xx",36.84,-76.28
"236xx",37.0994230769231,-76.415
"237xx",36.83,-76.29
"238xx",37.0039743589744,-77.4233333333333
"239xx",37.0275,-78.4032142857143
"240xx",37.1746551724138,-80.040775862069
"241xx",37.1116438356164,-80.1509589041096
"242xx",36.8418918918919,-82.4431081081081
"243xx",36.8526086956522,-81.1365217391304
"244xx",38.0475324675325,-79.434025974026
"245xx",37.1573333333333,-79.1325555555556
"246xx",37.1867307692308,-81.7865384615385
"247xx",37.3545714285714,-81.1942857142857
"248xx",37.4574193548387,-81.6075268817204
"249xx",37.8558571428571,-80.4184285714286
"250xx",38.2167469879518,-81.4620481927711
"251xx",38.2477777777778,-81.5265277777778
"252xx",38.6035294117647,-81.5258823529412
"253xx",38.35,-81.63
"254xx",39.41425,-78.0175
"255xx",38.2698245614035,-82.1668421052632
"256xx",37.7408219178082,-82.0279452054795
"257xx",38.41,-82.43
"258xx",37.7976470588235,-81.1898529411765
"259xx",37.8154545454545,-81.005974025974
"260xx",40.1979411764706,-80.6252941176471
"261xx",39.1817567567568,-81.3302702702703
"262xx",38.7448648648649,-80.0935135135135
"263xx",39.2173913043478,-80.4728985507246
"264xx",39.2621153846154,-80.4226923076923
"265xx",39.5796103896104,-80.0619480519481
"266xx",38.4995833333333,-80.8147916666667
"267xx",39.3717948717949,-79.0110256410256
"268xx",38.9402857142857,-79.0154285714286
"270xx",36.2279411764706,-80.4492156862745
"271xx",36.102027027027,-80.2391891891892
"272xx",35.8973484848485,-79.7769696969697
"273xx",35.8803191489362,-79.5942553191489
"274xx",36.07,-79.8232258064516
"275xx",35.8362745098039,-78.5288235294118
"276xx",35.8208450704225,-78.6514084507042
"277xx",35.98,-78.91
"278xx",35.9353543307087,-77.4411023622047
"279xx",36.0709638554217,-76.1251807228916
"280xx",35.3544347826087,-81.0150434782609
"281xx",35.3080232558139,-80.7797674418605
"282xx",35.1907777777778,-80.827
"283xx",34.9785714285714,-78.9905042016807
"284xx",34.2289763779528,-78.1315748031496
"285xx",34.9320183486239,-77.0900917431193
"286xx",36.1035256410256,-81.421217948718
"287xx",35.4606711409396,-82.774966442953
"288xx",35.57,-82.54
"289xx",35.0685714285714,-83.9342857142857
"290xx",34.0614503816794,-80.83
"291xx",33.9059440559441,-80.8148251748252
"292xx",34,-81.03
"293xx",34.8816216216216,-81.9131081081081
"294xx",32.8987272727273,-80.064303030303
"295xx",33.9805660377358,-79.2793396226415
"296xx",34.6747794117647,-82.5005882352941
"297xx",34.9114893617021,-80.9897872340426
"298xx",33.5404166666667,-81.8009722222222
"299xx",32.4967391304348,-80.8860869565217
"300xx",33.8764925373134,-84.2066417910448
"301xx",34.0136734693878,-84.839693877551
"302xx",33.3392941176471,-84.4988235294118
"303xx",33.7773333333333,-84.3876444444444
"304xx",32.4624752475248,-82.1328712871287
"305xx",34.5035869565217,-83.7320652173913
"306xx",33.8701515151515,-83.2630303030303
"307xx",34.7551219512195,-85.1163414634146
"308xx",33.4069230769231,-82.3861538461538
"309xx",33.4519047619048,-81.9871428571429
"310xx",32.61752,-83.45088
"311xx",33.7453125,-84.45078125
"312xx",32.83,-83.65
"313xx",31.8539622641509,-81.4598113207547
"314xx",32.08,-81.1
"315xx",31.3513978494624,-82.0794623655914
"316xx",30.953488372093,-83.2086046511628
"317xx",31.3979746835443,-83.8758227848101
"318xx",32.5248387096774,-84.7106451612903
"319xx",32.4872972972973,-84.87
"320xx",30.1332075471698,-81.8946226415094
"321xx",29.2634951456311,-81.3602912621359
"322xx",30.3154794520548,-81.6155479452055
"323xx",30.3036046511628,-84.2982558139535
"324xx",30.3943564356436,-85.6562376237624
"325xx",30.5065217391304,-86.9123913043478
"326xx",29.5916438356164,-82.4480821917808
"327xx",28.760198019802,-81.330297029703
"328xx",28.4920560747664,-81.3714953271028
"329xx",28.0346086956522,-80.584
"330xx",25.6534615384615,-80.4791538461538
"331xx",25.7739784946237,-80.2166666666667
"332xx",25.7701923076923,-80.2040384615385
"333xx",26.1383636363636,-80.1441818181818
"334xx",26.6610091743119,-80.1438532110092
"335xx",28.0994805194805,-82.2497402597403
"336xx",27.9494117647059,-82.4808823529412
"337xx",27.8072602739726,-82.6919863013699
"338xx",27.9204494382022,-81.6916853932584
"339xx",26.6738410596026,-81.877417218543
"340xx",0,0
"341xx",26.1715909090909,-81.6886363636364
"342xx",27.312030075188,-82.4401503759399
"344xx",29.0059677419355,-82.3233870967742
"346xx",28.3128571428571,-82.6189010989011
"347xx",28.4987878787879,-81.6024242424242
"349xx",27.2833333333333,-80.3675757575758
"350xx",33.56,-86.724367816092
"351xx",33.5206593406593,-86.649010989011
"352xx",33.5111594202899,-86.7907246376812
"354xx",33.1298701298701,-87.7435064935065
"355xx",33.9681034482759,-87.6472413793103
"356xx",34.6882692307692,-87.3157692307692
"357xx",34.7028888888889,-86.3964444444444
"358xx",34.7,-86.62
"359xx",34.24671875,-85.95859375
"360xx",32.1814130434783,-86.0816304347826
"361xx",32.35,-86.28
"362xx",33.4635064935065,-85.6766233766234
"363xx",31.2870149253731,-85.5361194029851
"364xx",31.3836,-87.0181333333333
"365xx",30.9313223140496,-87.9444628099174
"366xx",30.6849180327869,-88.0439344262295
"367xx",32.2569014084507,-87.3559154929577
"368xx",32.5921276595745,-85.3031914893617
"369xx",32.115,-88.255
"370xx",36.1320661157025,-86.8577685950413
"371xx",36.0063736263736,-86.6452747252747
"372xx",36.1679069767442,-86.78
"373xx",35.2594262295082,-85.34
"374xx",35.06,-85.25
"375xx",35.125,-90.025
"376xx",36.38140625,-82.36734375
"377xx",36.1812162162162,-83.8405405405405
"378xx",36.0809302325581,-83.7816279069767
"379xx",35.9514545454545,-83.98
"380xx",35.4119,-89.5339
"381xx",35.0991443850267,-89.9887700534759
"382xx",36.277,-88.769
"383xx",35.6032098765432,-88.5622222222222
"384xx",35.2845,-87.27875
"385xx",36.1358823529412,-85.4039705882353
"386xx",34.6131111111111,-89.8225
"387xx",33.5559375,-90.806015625
"388xx",34.3465333333333,-88.6662666666667
"389xx",33.7631355932203,-89.9222881355932
"390xx",32.3872413793103,-90.1713793103448
"391xx",32.3745555555556,-90.291
"392xx",32.3189583333333,-90.1993055555556
"393xx",32.36703125,-88.78859375
"394xx",31.2951366120219,-89.2833879781421
"395xx",30.413537414966,-89.0289115646258
"396xx",31.3496,-90.62488
"397xx",33.5328205128205,-88.832735042735
"398xx",31.2053488372093,-84.5925581395349
"399xx",33.76,-84.42
"400xx",38.1038271604938,-85.3417283950617
"401xx",37.8478461538462,-86.1316923076923
"402xx",38.22,-85.74
"403xx",38.0177777777778,-84.1594444444444
"404xx",37.4755737704918,-84.2952459016393
"405xx",38.0404444444444,-84.4522222222222
"406xx",38.19,-84.86
"407xx",36.96125,-84.091875
"408xx",36.8796610169492,-83.2606779661017
"409xx",36.9075294117647,-83.7371764705882
"410xx",38.7908171206226,-84.3352918287938
"411xx",38.3893518518519,-83.0131481481481
"412xx",37.8626229508197,-82.7219672131148
"413xx",37.5926388888889,-83.50375
"414xx",37.8048333333333,-83.1298333333333
"415xx",37.4278571428571,-82.3718367346939
"416xx",37.52,-82.7334328358209
"417xx",37.2286666666667,-83.2102666666667
"418xx",37.2062068965517,-82.8515517241379
"420xx",36.9318965517241,-88.5206896551724
"421xx",36.8665151515152,-85.98
"422xx",36.955119047619,-86.9882142857143
"423xx",37.496,-87.0011428571429
"424xx",37.5,-87.7004347826087
"425xx",37.1113157894737,-84.6884210526316
"426xx",36.8221428571429,-84.8469642857143
"427xx",37.3220289855072,-85.7533333333333
"430xx",40.1387628865979,-82.9043298969072
"431xx",39.7101149425287,-82.9003448275862
"432xx",39.9807792207792,-82.9771428571429
"433xx",40.5346551724138,-83.3737931034483
"434xx",41.4752307692308,-83.2249230769231
"435xx",41.4530882352941,-84.1466176470588
"436xx",41.6592727272727,-83.5716363636364
"437xx",39.8415476190476,-81.695
"438xx",40.277037037037,-81.8018518518519
"439xx",40.2195348837209,-80.8169767441861
"440xx",41.5511235955056,-81.4070224719101
"441xx",41.4538095238095,-81.6601904761905
"442xx",41.1131868131868,-81.5841758241758
"443xx",41.0778571428571,-81.5210714285714
"444xx",41.1222988505747,-80.7489655172414
"445xx",41.09,-80.64
"446xx",40.6527819548872,-81.4433082706767
"447xx",40.81,-81.37
"448xx",41.0309489051095,-82.7453284671533
"449xx",40.76,-82.5188235294118
"450xx",39.3917142857143,-84.4826666666667
"451xx",39.1103361344538,-83.9087394957983
"452xx",39.09,-84.5089655172414
"453xx",39.959512195122,-84.2463414634146
"454xx",39.7689230769231,-84.1917692307692
"455xx",39.92,-83.79
"456xx",38.9039784946237,-82.7988172043011
"457xx",39.3591780821918,-81.7590410958904
"458xx",40.8184552845528,-84.1673983739837
"459xx",39.09,-84.51
"460xx",40.1405952380952,-85.9946428571429
"461xx",39.6232432432432,-86.1746846846847
"462xx",39.7698461538462,-86.1404615384615
"463xx",41.4771875,-87.1339583333333
"464xx",41.5553333333333,-87.324
"465xx",41.444,-86.0916923076923
"466xx",41.6714285714286,-86.2585714285714
"467xx",41.2200420168067,-85.2026890756302
"468xx",41.07,-85.13
"469xx",40.7240476190476,-86.0996428571429
"470xx",39.1690740740741,-85.07
"471xx",38.3563636363636,-85.9307070707071
"472xx",39.064696969697,-85.6780303030303
"473xx",40.0854358974359,-85.162717948718
"474xx",38.9949162011173,-86.6574301675978
"475xx",38.4140883977901,-86.9679005524862
"476xx",38.0923076923077,-87.4380769230769
"477xx",37.9821052631579,-87.5445614035088
"478xx",39.477358490566,-87.3189150943396
"479xx",40.3565486725664,-87.0171681415929
"480xx",42.715824742268,-82.8369072164949
"481xx",42.2207608695652,-83.539402173913
"482xx",42.3809,-83.0877
"483xx",42.6098895027624,-83.2841988950276
"484xx",43.2460563380282,-83.2797183098591
"485xx",43.0137209302326,-83.6727906976744
"486xx",43.7879166666667,-84.2636111111111
"487xx",43.8816176470588,-83.5698529411765
"488xx",43.0559803921569,-84.6739215686274
"489xx",42.7010810810811,-84.5505405405405
"490xx",42.2101834862385,-85.6089908256881
"491xx",41.8735483870968,-86.3996774193548
"492xx",42.0352054794521,-84.3350684931507
"493xx",43.1864516129032,-85.535
"494xx",43.208023255814,-86.1347674418605
"495xx",42.9553571428571,-85.6596428571429
"496xx",44.5510588235294,-85.6409411764706
"497xx",45.6553913043478,-84.5745217391304
"498xx",46.0655319148936,-87.2223404255319
"499xx",46.7890625,-88.7471875
"500xx",41.6163063063063,-93.7645045045045
"501xx",41.5383177570093,-93.458691588785
"502xx",41.6395327102804,-93.5297196261682
"503xx",41.5750909090909,-93.6236363636364
"504xx",43.1611363636364,-93.3244318181818
"505xx",42.7095726495726,-94.448717948718
"506xx",42.6544628099174,-92.4622314049587
"507xx",42.4625,-92.3016666666667
"508xx",40.9259090909091,-94.5715909090909
"509xx",41.57125,-93.61875
"510xx",42.5889473684211,-95.9601315789474
"511xx",42.5,-96.39
"512xx",43.2489655172414,-96.0293103448276
"513xx",43.2854761904762,-95.1388095238095
"514xx",42.0734090909091,-95.0554545454546
"515xx",41.4395833333333,-95.5956944444444
"516xx",40.7219230769231,-95.365
"520xx",42.49625,-90.9654545454545
"521xx",43.1572727272727,-91.7218181818182
"522xx",41.8510256410256,-91.6858974358974
"523xx",41.8737209302326,-91.6718604651163
"524xx",41.97,-91.66
"525xx",40.9759405940594,-92.3975247524752
"526xx",40.8467164179105,-91.4205970149254
"527xx",41.6527710843374,-90.7419277108434
"528xx",41.55,-90.6
"530xx",43.4448181818182,-88.1876363636364
"531xx",42.7323255813954,-88.1683720930233
"532xx",43.0552475247525,-87.9559405940594
"534xx",42.72,-87.8
"535xx",42.9546534653465,-89.6218811881188
"537xx",43.07,-89.3806557377049
"538xx",42.8372,-90.7764
"539xx",43.6173770491803,-89.5106557377049
"540xx",45.079625,-92.476
"541xx",44.826043956044,-88.2079120879121
"542xx",44.5602272727273,-87.5588636363636
"543xx",44.52,-87.98
"544xx",44.8433004926108,-89.8068965517241
"545xx",45.8723008849557,-89.7764601769912
"546xx",43.8478021978022,-90.9047252747253
"547xx",44.8437209302326,-91.5575581395349
"548xx",46.082,-91.5706666666667
"549xx",44.1707692307692,-88.7669230769231
"550xx",45.086408839779,-93.011270718232
"551xx",44.9430612244898,-93.1004081632653
"553xx",45.0009289617486,-93.7551912568306
"554xx",44.9603703703704,-93.26
"555xx",44.9444444444444,-93.8191666666667
"556xx",47.452380952381,-91.1252380952381
"557xx",47.1648969072165,-92.7889175257732
"558xx",46.78,-92.11
"559xx",43.9017857142857,-92.238
"560xx",44.0160784313725,-93.9685294117647
"561xx",43.8967901234568,-95.6737037037037
"562xx",44.9968604651163,-95.6351162790698
"563xx",45.7228455284553,-94.5926016260163
"564xx",46.6343269230769,-94.4835576923077
"565xx",46.7816666666667,-96.1461111111111
"566xx",47.7690751445087,-94.5113294797688
"567xx",48.4489230769231,-96.3061538461538
"569xx",38.88625,-77.016875
"570xx",43.424696969697,-96.9650757575758
"571xx",43.5582352941176,-96.7188235294118
"572xx",45.0435576923077,-97.0746153846154
"573xx",43.8418584070796,-98.367610619469
"574xx",45.3665934065934,-98.7593406593407
"575xx",43.788947368421,-100.467368421053
"576xx",45.4678873239437,-101.569577464789
"577xx",44.1085314685315,-103.131188811189
"580xx",46.6545882352941,-97.2784705882353
"581xx",46.87,-96.81
"582xx",48.245652173913,-97.6070652173913
"583xx",48.2978,-99.3261
"584xx",46.9318699186992,-98.9034146341463
"585xx",46.7531460674157,-100.98404494382
"586xx",46.7327272727273,-102.947818181818
"587xx",48.38046875,-101.546328125
"588xx",48.2747058823529,-103.502941176471
"590xx",45.8157281553398,-108.740485436893
"591xx",45.7377272727273,-108.489545454545
"592xx",48.3256,-105.4384
"593xx",46.2808571428571,-105.323428571429
"594xx",47.7714444444444,-111.374666666667
"595xx",48.4423076923077,-109.392692307692
"596xx",46.545625,-111.918125
"597xx",45.6909230769231,-112.127076923077
"598xx",47.0292207792208,-114.248831168831
"599xx",48.3463157894737,-114.397631578947
"600xx",42.2378672985782,-88.0511848341232
"601xx",41.976125,-88.2070625
"602xx",42.002,-87.674
"603xx",41.91125,-87.84375
"604xx",41.5217088607595,-87.8940506329114
"605xx",41.745,-88.2037903225806
"606xx",41.8350595238095,-87.6805952380953
"607xx",41.9608333333333,-87.7683333333333
"608xx",41.7033333333333,-87.7008333333333
"609xx",40.8355223880597,-87.9161194029851
"610xx",42.1718691588785,-89.4947663551402
"611xx",42.2933333333333,-89.0455555555556
"612xx",41.4919626168224,-90.3232710280374
"613xx",41.3137288135593,-89.1372881355932
"614xx",40.83975,-90.3999166666667
"615xx",40.6929203539823,-89.6648672566372
"616xx",40.7312676056338,-89.5933802816901
"617xx",40.5074637681159,-88.8944927536232
"618xx",40.0994029850746,-88.0949253731343
"619xx",39.6761538461538,-88.2797435897436
"620xx",39.0517482517483,-89.9911188811189
"622xx",38.4710552763819,-89.816432160804
"623xx",40.0479347826087,-91.059347826087
"624xx",39.0429530201342,-88.1939597315436
"625xx",39.6751612903226,-89.1925806451613
"626xx",39.8213223140496,-90.0144628099174
"627xx",39.7805263157895,-89.6401315789474
"628xx",38.317974137931,-88.6612931034483
"629xx",37.5508717948718,-88.9724615384615
"630xx",38.4888590604027,-90.6445637583893
"631xx",38.63,-90.2425698324022
"633xx",38.9108661417323,-90.9106299212598
"634xx",39.9236842105263,-91.741052631579
"635xx",40.1824691358025,-92.6317283950617
"636xx",37.7107894736842,-90.5038157894737
"637xx",37.3662337662338,-89.767012987013
"638xx",36.4785714285714,-89.7596825396825
"639xx",36.8804081632653,-90.5387755102041
"640xx",39.0762711864407,-94.2534745762712
"641xx",39.0886301369863,-94.5793835616438
"644xx",40.1087356321839,-94.7189655172414
"645xx",39.76,-94.85
"646xx",39.8547619047619,-93.5833333333333
"647xx",38.073,-94.1855714285714
"648xx",36.9869230769231,-94.3870769230769
"649xx",39.02,-94.575
"650xx",38.4550769230769,-92.1514615384615
"651xx",38.57,-92.19
"652xx",39.14825,-92.3975833333333
"653xx",38.7090476190476,-93.2719047619048
"654xx",37.5532653061224,-91.7948979591837
"655xx",37.687037037037,-91.8698148148148
"656xx",37.0392857142857,-93.1954081632653
"657xx",37.0237037037037,-92.9892592592593
"658xx",37.19,-93.2781818181818
"660xx",38.9483,-95.0831
"661xx",39.0971428571429,-94.6380952380952
"662xx",38.9021359223301,-94.6796116504854
"664xx",39.4009090909091,-96.0586363636364
"665xx",39.3464406779661,-96.1227118644068
"666xx",39.0333333333333,-95.6858823529412
"667xx",37.5326890756303,-95.0488235294118
"668xx",38.3546808510638,-96.3725531914894
"669xx",39.7623076923077,-97.7664102564103
"670xx",37.5073611111111,-97.6298611111111
"671xx",37.5316071428571,-97.6308928571429
"672xx",37.6775510204082,-97.3371428571429
"673xx",37.18,-95.728275862069
"674xx",38.9093421052632,-97.678552631579
"675xx",38.2151282051282,-98.7724358974359
"676xx",39.3125925925926,-99.4298148148148
"677xx",39.3392307692308,-101.125897435897
"678xx",37.8326,-100.6366
"679xx",37.1342857142857,-101.385714285714
"680xx",41.4504761904762,-96.3969841269841
"681xx",41.24,-95.9979545454545
"683xx",40.428640776699,-96.7574757281553
"684xx",40.5436,-96.6458666666667
"685xx",40.81,-96.68
"686xx",41.47,-97.5148076923077
"687xx",42.425,-97.7427083333333
"688xx",41.1676223776224,-98.9655244755245
"689xx",40.3677519379845,-98.8453488372093
"690xx",40.3054838709677,-100.945161290323
"691xx",41.2484057971014,-101.624492753623
"692xx",42.7966666666667,-100.5775
"693xx",42.152,-103.076444444444
"700xx",29.8374576271186,-90.0536440677966
"701xx",30.0564130434783,-89.9345652173913
"703xx",29.6976363636364,-90.818
"704xx",30.5953947368421,-90.2052631578947
"705xx",30.2047191011236,-92.0943820224719
"706xx",30.3487272727273,-93.1765454545455
"707xx",30.5072413793103,-91.1763218390805
"708xx",30.4404615384615,-91.1246153846154
"710xx",32.4736974789916,-93.4336134453782
"711xx",32.4747142857143,-93.7747142857143
"712xx",32.5527011494253,-92.0219540229885
"713xx",31.3890740740741,-91.9377314814815
"714xx",31.5813043478261,-92.8148260869565
"716xx",33.641858974359,-91.7272435897436
"717xx",33.50125,-92.80925
"718xx",33.6693181818182,-93.7897727272727
"719xx",34.4016058394161,-93.4363503649635
"720xx",34.9888888888889,-92.091164021164
"721xx",34.9086919831224,-92.1248523206751
"722xx",34.7210344827586,-92.3475862068966
"723xx",35.1584810126582,-90.4743037974684
"724xx",36.0426315789474,-90.741052631579
"725xx",36.0110843373494,-91.7927710843373
"726xx",36.1479047619048,-92.9313333333333
"727xx",36.1808064516129,-94.1782258064516
"728xx",35.2569565217391,-93.3973913043478
"729xx",35.3175510204082,-94.2316326530612
"730xx",35.2747115384615,-97.7382692307692
"731xx",35.4601063829787,-97.5109574468085
"733xx",30.26,-97.74
"734xx",34.2313333333333,-97.1666666666667
"735xx",34.5055223880597,-98.6826865671642
"736xx",35.51925,-99.3155
"737xx",36.4116666666667,-98.1253333333333
"738xx",36.4896,-99.5604
"739xx",36.7594444444444,-101.397777777778
"740xx",36.2866666666667,-96.1739869281046
"741xx",36.1182352941176,-95.9164705882353
"743xx",36.563275862069,-94.9879310344828
"744xx",35.6407954545455,-95.4443181818182
"745xx",34.6708064516129,-95.7243548387097
"746xx",36.7144444444444,-97.0948148148148
"747xx",34.0034090909091,-95.5879545454546
"748xx",35.1674666666667,-96.6604
"749xx",35.1836111111111,-94.6905555555555
"750xx",33.046724137931,-96.7965517241379
"751xx",32.5341975308642,-96.4439506172839
"752xx",32.7902197802198,-96.762967032967
"753xx",32.7975641025641,-96.7746153846154
"754xx",33.3377659574468,-95.791170212766
"755xx",33.2920289855072,-94.3405797101449
"756xx",32.4988235294118,-94.7030065359477
"757xx",32.273781512605,-95.3668907563025
"758xx",31.4754081632653,-95.7183673469388
"759xx",31.3580503144654,-94.295786163522
"760xx",32.6744444444444,-97.3790909090909
"761xx",32.7602717391304,-97.3207608695652
"762xx",33.3322368421053,-97.2577631578947
"763xx",33.7873333333333,-98.7164444444444
"764xx",32.5211666666667,-98.4183333333333
"765xx",31.0739263803681,-97.4769325153374
"766xx",31.6870802919708,-96.9944525547445
"767xx",31.550303030303,-97.1866666666667
"768xx",31.3744578313253,-99.2983132530121
"769xx",31.3888888888889,-100.604444444444
"770xx",29.76,-95.3798581560284
"772xx",29.7561165048544,-95.3798058252427
"773xx",30.3036075949367,-95.3489240506329
"774xx",29.4963758389262,-95.9557718120805
"775xx",29.5564583333333,-95.0441666666667
"776xx",30.0350819672131,-94.1159016393443
"777xx",30.083,-94.14
"778xx",30.6488,-96.3037333333333
"779xx",28.9768539325843,-96.9607865168539
"780xx",28.943375,-98.90125
"781xx",29.3148192771084,-98.0601204819277
"782xx",29.4502857142857,-98.4985714285714
"783xx",27.6964761904762,-97.8563809523809
"784xx",27.7989285714286,-97.3910714285714
"785xx",26.2462841530055,-98.0185792349727
"786xx",30.2512068965517,-97.9055747126437
"787xx",30.2630656934307,-97.7378102189781
"788xx",29.2564583333333,-100.214166666667
"789xx",29.9264788732394,-96.8812676056338
"790xx",35.3376470588235,-101.539176470588
"791xx",35.2030769230769,-101.804871794872
"792xx",34.2680487804878,-100.571219512195
"793xx",33.4901694915254,-102.148983050847
"794xx",33.57,-101.8690625
"795xx",32.5772839506173,-100.206543209877
"796xx",32.4466666666667,-99.7444444444445
"797xx",31.6776470588235,-102.519117647059
"798xx",30.72,-104.690967741935
"799xx",31.8332941176471,-106.420117647059
"800xx",39.8083098591549,-104.961267605634
"801xx",39.5572,-104.9185
"802xx",39.759020979021,-104.87013986014
"803xx",40.02,-105.25
"804xx",39.8421739130435,-105.907934782609
"805xx",40.415303030303,-105.106818181818
"806xx",40.3095555555556,-104.664
"807xx",40.4263414634146,-103.112195121951
"808xx",39.0413513513514,-104.10472972973
"809xx",38.8605405405405,-104.753552123552
"810xx",37.8748427672956,-103.84465408805
"811xx",37.3377391304348,-106.219826086957
"812xx",38.5495402298851,-106.151494252874
"813xx",37.400625,-108.3746875
"814xx",38.4545238095238,-107.936904761905
"815xx",39.072962962963,-108.604814814815
"816xx",39.6606097560976,-107.418292682927
"820xx",41.2832142857143,-105.175714285714
"821xx",44.57,-110.51
"822xx",42.2767741935484,-104.558064516129
"823xx",41.7159259259259,-107.159259259259
"824xx",44.4058064516129,-108.396129032258
"825xx",43.0130434782609,-108.662608695652
"826xx",43.0034210526316,-106.525526315789
"827xx",44.3196,-104.8556
"828xx",44.6944444444444,-106.868333333333
"829xx",41.661935483871,-109.814838709677
"830xx",43.5742857142857,-110.700714285714
"831xx",42.49,-110.713333333333
"832xx",42.9158156028369,-112.407163120567
"833xx",42.7781481481481,-114.251481481481
"834xx",43.962,-112.008909090909
"835xx",46.1590697674419,-116.245813953488
"836xx",43.8681746031746,-116.203650793651
"837xx",43.6069491525424,-116.196271186441
"838xx",47.6776530612245,-116.565102040816
"840xx",40.6303162055336,-111.578577075099
"841xx",40.7089328063241,-111.883201581028
"842xx",41.25,-111.975
"843xx",41.6890410958904,-112.104383561644
"844xx",41.2184,-112.012
"845xx",38.5761111111111,-110.241666666667
"846xx",39.6308641975309,-111.845308641975
"847xx",37.8067692307692,-112.745230769231
"850xx",33.5156043956044,-112.07043956044
"851xx",33.118813559322,-111.530338983051
"852xx",33.3206201550388,-111.694108527132
"853xx",33.4890740740741,-112.807592592593
"855xx",33.3451724137931,-110.311724137931
"856xx",31.8324166666667,-110.42375
"857xx",32.2295348837209,-110.927674418605
"859xx",34.2723684210526,-109.857368421053
"860xx",35.8398969072165,-111.066288659794
"863xx",34.6269565217391,-112.277826086957
"864xx",35.272641509434,-114.114339622642
"865xx",35.9415492957746,-109.444507042254
"870xx",35.1963636363636,-106.789504132231
"871xx",35.12725,-106.626625
"873xx",35.4542857142857,-108.625079365079
"874xx",36.7092307692308,-108.239230769231
"875xx",36.0534146341463,-105.894975609756
"877xx",35.9718867924528,-104.99
"878xx",34.0311538461538,-107.762692307692
"879xx",33.03,-107.283636363636
"880xx",32.4532989690722,-107.624432989691
"881xx",34.2565853658537,-103.523658536585
"882xx",32.8475,-103.903863636364
"883xx",33.2665,-105.655333333333
"884xx",35.7328888888889,-103.748666666667
"885xx",31.84,-106.43
"889xx",36.14,-115.28
"890xx",36.5891472868217,-115.278139534884
"891xx",36.1371428571429,-115.205357142857
"893xx",39.35,-115.440526315789
"894xx",39.7498675496689,-118.975033112583
"895xx",39.5938983050847,-119.806271186441
"897xx",39.15,-119.737586206897
"898xx",41.0616326530612,-115.509183673469
"900xx",34.0340552995392,-118.300414746544
"901xx",34.01,-118.186666666667
"902xx",33.916043956044,-118.337472527473
"903xx",33.9515789473684,-118.348947368421
"904xx",34.0145454545455,-118.479090909091
"905xx",33.836,-118.322
"906xx",33.9266666666667,-118.025294117647
"907xx",33.7844,-118.1914
"908xx",33.7926785714286,-118.168392857143
"910xx",34.1791666666667,-118.115833333333
"911xx",34.1419565217391,-118.127173913043
"912xx",34.1689473684211,-118.248947368421
"913xx",34.2653591160221,-118.57679558011
"914xx",34.1760465116279,-118.465348837209
"915xx",34.17,-118.320526315789
"916xx",34.1584745762712,-118.380508474576
"917xx",34.0556097560976,-117.846097560976
"918xx",34.0855555555556,-118.125555555556
"919xx",32.6793333333333,-116.845777777778
"920xx",33.0984042553191,-117.102340425532
"921xx",32.7561111111111,-117.131666666667
"922xx",33.6948648648649,-115.950810810811
"923xx",34.5214516129032,-116.880080645161
"924xx",34.1406,-117.3008
"925xx",33.7671717171717,-117.200202020202
"926xx",33.6161904761905,-117.75373015873
"927xx",33.7257575757576,-117.853939393939
"928xx",33.8365753424658,-117.829315068493
"930xx",34.2559420289855,-119.09652173913
"931xx",34.4324324324324,-119.827027027027
"932xx",35.8738775510204,-119.198673469388
"933xx",35.328064516129,-119.018064516129
"934xx",35.2231428571429,-120.587428571429
"935xx",35.4821621621622,-118.153445945946
"936xx",36.8408163265306,-119.612755102041
"937xx",36.7506849315068,-119.788904109589
"938xx",36.75,-119.67
"939xx",36.478679245283,-121.647547169811
"940xx",37.4793333333333,-122.261066666667
"941xx",37.7677659574468,-122.414255319149
"942xx",38.5663934426229,-121.484262295082
"943xx",37.4227272727273,-122.142727272727
"944xx",37.55,-122.304285714286
"945xx",37.9532520325203,-122.056910569106
"946xx",37.7945652173913,-122.235652173913
"947xx",37.8745,-122.2705
"948xx",37.9538095238095,-122.331428571429
"949xx",38.0671590909091,-122.627840909091
"950xx",37.0643023255814,-121.837906976744
"951xx",37.3118181818182,-121.862878787879
"952xx",38.0938461538462,-120.966263736264
"953xx",37.6698039215686,-120.63068627451
"954xx",38.867868852459,-123.056721311475
"955xx",40.8017647058824,-123.915294117647
"956xx",38.6212698412698,-121.177830687831
"957xx",38.8794827586207,-120.894310344828
"958xx",38.5801923076923,-121.438461538462
"959xx",39.5082608695652,-121.483423913043
"960xx",40.853125,-122.286696428571
"961xx",39.7334126984127,-120.279603174603
"962xx",0,0
"963xx",0,0
"964xx",0,0
"965xx",0,0
"966xx",0,0
"967xx",20.4365714285714,-157.108857142857
"968xx",21.3184105960265,-157.863973509934
"969xx",11.5701639344262,147.29737704918
"970xx",45.4340458015267,-122.26786259542
"971xx",45.5528985507246,-123.48347826087
"972xx",45.5033,-122.6589
"973xx",44.7715957446809,-123.191914893617
"974xx",43.6274436090226,-123.348195488722
"975xx",42.3767647058824,-123.148823529412
"976xx",42.4245161290323,-121.27935483871
"977xx",43.9073469387755,-120.731224489796
"978xx",45.1710666666667,-118.635466666667
"979xx",43.8028125,-117.4878125
"980xx",47.5247682119205,-122.10238410596
"981xx",47.5841379310345,-122.325379310345
"982xx",48.3706428571429,-122.290714285714
"983xx",47.5120921985816,-122.720780141844
"984xx",47.180796460177,-122.484690265487
"985xx",46.9115642458101,-123.267765363128
"986xx",45.9212987012987,-122.449480519481
"988xx",47.8222222222222,-119.879
"989xx",46.7014705882353,-120.588088235294
"990xx",47.6272222222222,-117.406481481481
"991xx",47.7915909090909,-117.973068181818
"992xx",47.6652702702703,-117.337297297297
"993xx",46.375,-119.0572
"994xx",46.2033333333333,-117.216666666667
"995xx",59.8123762376238,-155.55702970297
"996xx",60.1912121212121,-156.369924242424
"997xx",65.6129166666667,-152.516666666667
"998xx",57.8666666666667,-134.728888888889
"999xx",55.6145454545455,-132.041363636364
